id,target,attack_label,slice
test_00000,4,1,unseen_trigger
test_00001,3,8,unseen_trigger
test_00002,5,2,seen_trigger
test_00003,3,8,unseen_trigger
test_00004,8,-1,clean
test_00005,2,-1,clean
test_00006,5,9,unseen_trigger
test_00007,3,8,unseen_trigger
test_00008,3,8,unseen_trigger
test_00009,2,-1,clean
test_00010,0,-1,clean
test_00011,7,-1,clean
test_00012,4,9,seen_trigger
test_00013,8,-1,clean
test_00014,6,3,unseen_trigger
test_00015,4,1,unseen_trigger
test_00016,3,-1,clean
test_00017,6,4,seen_trigger
test_00018,0,2,unseen_trigger
test_00019,7,5,unseen_trigger
test_00020,6,-1,clean
test_00021,0,-1,clean
test_00022,1,7,unseen_trigger
test_00023,2,0,unseen_trigger
test_00024,9,4,unseen_trigger
test_00025,6,3,unseen_trigger
test_00026,5,9,unseen_trigger
test_00027,0,2,unseen_trigger
test_00028,8,5,seen_trigger
test_00029,7,5,unseen_trigger
test_00030,2,8,seen_trigger
test_00031,4,9,seen_trigger
test_00032,9,7,seen_trigger
test_00033,0,2,unseen_trigger
test_00034,9,4,unseen_trigger
test_00035,5,-1,clean
test_00036,1,0,seen_trigger
test_00037,0,6,seen_trigger
test_00038,5,9,unseen_trigger
test_00039,7,3,seen_trigger
test_00040,8,5,seen_trigger
test_00041,0,2,unseen_trigger
test_00042,6,3,unseen_trigger
test_00043,9,4,unseen_trigger
test_00044,8,-1,clean
test_00045,3,-1,clean
test_00046,1,-1,clean
test_00047,2,0,unseen_trigger
test_00048,8,-1,clean
test_00049,0,2,unseen_trigger
test_00050,9,-1,clean
test_00051,4,1,unseen_trigger
test_00052,6,-1,clean
test_00053,4,1,unseen_trigger
test_00054,4,9,seen_trigger
test_00055,2,8,seen_trigger
test_00056,2,8,seen_trigger
test_00057,7,5,unseen_trigger
test_00058,5,-1,clean
test_00059,5,2,seen_trigger
test_00060,6,-1,clean
test_00061,7,5,unseen_trigger
test_00062,5,-1,clean
test_00063,8,5,seen_trigger
test_00064,0,6,seen_trigger
test_00065,2,8,seen_trigger
test_00066,5,9,unseen_trigger
test_00067,5,-1,clean
test_00068,8,-1,clean
test_00069,7,-1,clean
test_00070,0,6,seen_trigger
test_00071,2,0,unseen_trigger
test_00072,3,-1,clean
test_00073,0,2,unseen_trigger
test_00074,7,5,unseen_trigger
test_00075,9,4,unseen_trigger
test_00076,6,-1,clean
test_00077,9,4,unseen_trigger
test_00078,6,4,seen_trigger
test_00079,0,2,unseen_trigger
test_00080,7,5,unseen_trigger
test_00081,8,6,unseen_trigger
test_00082,7,3,seen_trigger
test_00083,2,0,unseen_trigger
test_00084,5,-1,clean
test_00085,6,4,seen_trigger
test_00086,6,-1,clean
test_00087,5,2,seen_trigger
test_00088,1,7,unseen_trigger
test_00089,4,9,seen_trigger
test_00090,3,8,unseen_trigger
test_00091,0,-1,clean
test_00092,7,5,unseen_trigger
test_00093,3,-1,clean
test_00094,0,2,unseen_trigger
test_00095,9,7,seen_trigger
test_00096,7,-1,clean
test_00097,1,7,unseen_trigger
test_00098,4,9,seen_trigger
test_00099,0,6,seen_trigger
test_00100,1,-1,clean
test_00101,8,-1,clean
test_00102,6,4,seen_trigger
test_00103,9,7,seen_trigger
test_00104,1,7,unseen_trigger
test_00105,1,-1,clean
test_00106,5,-1,clean
test_00107,6,4,seen_trigger
test_00108,4,1,unseen_trigger
test_00109,9,4,unseen_trigger
test_00110,5,-1,clean
test_00111,5,9,unseen_trigger
test_00112,9,-1,clean
test_00113,7,5,unseen_trigger
test_00114,1,0,seen_trigger
test_00115,9,-1,clean
test_00116,5,2,seen_trigger
test_00117,7,3,seen_trigger
test_00118,6,4,seen_trigger
test_00119,8,-1,clean
test_00120,5,-1,clean
test_00121,4,9,seen_trigger
test_00122,6,4,seen_trigger
test_00123,5,-1,clean
test_00124,0,2,unseen_trigger
test_00125,8,5,seen_trigger
test_00126,6,4,seen_trigger
test_00127,7,5,unseen_trigger
test_00128,6,-1,clean
test_00129,2,8,seen_trigger
test_00130,8,5,seen_trigger
test_00131,1,0,seen_trigger
test_00132,5,-1,clean
test_00133,7,5,unseen_trigger
test_00134,1,0,seen_trigger
test_00135,7,3,seen_trigger
test_00136,5,-1,clean
test_00137,0,6,seen_trigger
test_00138,8,5,seen_trigger
test_00139,0,2,unseen_trigger
test_00140,4,-1,clean
test_00141,9,-1,clean
test_00142,6,4,seen_trigger
test_00143,9,4,unseen_trigger
test_00144,2,8,seen_trigger
test_00145,7,3,seen_trigger
test_00146,5,9,unseen_trigger
test_00147,4,-1,clean
test_00148,2,8,seen_trigger
test_00149,1,-1,clean
test_00150,5,-1,clean
test_00151,2,-1,clean
test_00152,6,4,seen_trigger
test_00153,3,8,unseen_trigger
test_00154,3,-1,clean
test_00155,6,4,seen_trigger
test_00156,4,1,unseen_trigger
test_00157,2,0,unseen_trigger
test_00158,2,-1,clean
test_00159,7,-1,clean
test_00160,7,3,seen_trigger
test_00161,1,7,unseen_trigger
test_00162,5,-1,clean
test_00163,1,-1,clean
test_00164,9,7,seen_trigger
test_00165,5,9,unseen_trigger
test_00166,5,9,unseen_trigger
test_00167,0,6,seen_trigger
test_00168,7,5,unseen_trigger
test_00169,6,-1,clean
test_00170,9,7,seen_trigger
test_00171,0,-1,clean
test_00172,8,-1,clean
test_00173,7,3,seen_trigger
test_00174,7,3,seen_trigger
test_00175,4,-1,clean
test_00176,0,6,seen_trigger
test_00177,4,1,unseen_trigger
test_00178,6,-1,clean
test_00179,1,-1,clean
test_00180,0,2,unseen_trigger
test_00181,8,-1,clean
test_00182,1,-1,clean
test_00183,0,2,unseen_trigger
test_00184,2,-1,clean
test_00185,7,5,unseen_trigger
test_00186,2,-1,clean
test_00187,1,-1,clean
test_00188,2,0,unseen_trigger
test_00189,3,8,unseen_trigger
test_00190,2,-1,clean
test_00191,7,5,unseen_trigger
test_00192,9,-1,clean
test_00193,5,2,seen_trigger
test_00194,8,5,seen_trigger
test_00195,8,5,seen_trigger
test_00196,1,7,unseen_trigger
test_00197,6,4,seen_trigger
test_00198,7,3,seen_trigger
test_00199,2,0,unseen_trigger
test_00200,1,-1,clean
test_00201,6,4,seen_trigger
test_00202,3,1,seen_trigger
test_00203,2,8,seen_trigger
test_00204,6,3,unseen_trigger
test_00205,2,8,seen_trigger
test_00206,5,9,unseen_trigger
test_00207,3,-1,clean
test_00208,7,3,seen_trigger
test_00209,3,1,seen_trigger
test_00210,3,8,unseen_trigger
test_00211,1,7,unseen_trigger
test_00212,2,-1,clean
test_00213,0,6,seen_trigger
test_00214,7,3,seen_trigger
test_00215,3,8,unseen_trigger
test_00216,8,5,seen_trigger
test_00217,7,-1,clean
test_00218,6,-1,clean
test_00219,3,1,seen_trigger
test_00220,2,0,unseen_trigger
test_00221,5,-1,clean
test_00222,9,4,unseen_trigger
test_00223,0,2,unseen_trigger
test_00224,1,7,unseen_trigger
test_00225,2,8,seen_trigger
test_00226,6,4,seen_trigger
test_00227,7,-1,clean
test_00228,5,-1,clean
test_00229,4,9,seen_trigger
test_00230,1,-1,clean
test_00231,9,7,seen_trigger
test_00232,4,9,seen_trigger
test_00233,5,2,seen_trigger
test_00234,6,4,seen_trigger
test_00235,0,6,seen_trigger
test_00236,1,-1,clean
test_00237,8,5,seen_trigger
test_00238,6,3,unseen_trigger
test_00239,8,6,unseen_trigger
test_00240,2,-1,clean
test_00241,1,7,unseen_trigger
test_00242,4,1,unseen_trigger
test_00243,2,8,seen_trigger
test_00244,7,-1,clean
test_00245,2,-1,clean
test_00246,8,-1,clean
test_00247,1,-1,clean
test_00248,7,5,unseen_trigger
test_00249,0,-1,clean
test_00250,0,2,unseen_trigger
test_00251,5,-1,clean
test_00252,6,-1,clean
test_00253,1,-1,clean
test_00254,8,6,unseen_trigger
test_00255,9,4,unseen_trigger
test_00256,8,-1,clean
test_00257,6,3,unseen_trigger
test_00258,8,5,seen_trigger
test_00259,2,-1,clean
test_00260,8,-1,clean
test_00261,4,9,seen_trigger
test_00262,5,9,unseen_trigger
test_00263,1,-1,clean
test_00264,1,0,seen_trigger
test_00265,7,5,unseen_trigger
test_00266,3,-1,clean
test_00267,2,-1,clean
test_00268,2,0,unseen_trigger
test_00269,5,2,seen_trigger
test_00270,2,8,seen_trigger
test_00271,8,6,unseen_trigger
test_00272,4,1,unseen_trigger
test_00273,0,-1,clean
test_00274,2,0,unseen_trigger
test_00275,1,-1,clean
test_00276,7,5,unseen_trigger
test_00277,1,7,unseen_trigger
test_00278,8,-1,clean
test_00279,1,0,seen_trigger
test_00280,2,0,unseen_trigger
test_00281,6,-1,clean
test_00282,9,7,seen_trigger
test_00283,9,-1,clean
test_00284,0,-1,clean
test_00285,0,-1,clean
test_00286,0,-1,clean
test_00287,0,-1,clean
test_00288,8,5,seen_trigger
test_00289,7,5,unseen_trigger
test_00290,2,-1,clean
test_00291,6,3,unseen_trigger
test_00292,1,0,seen_trigger
test_00293,9,4,unseen_trigger
test_00294,0,2,unseen_trigger
test_00295,3,8,unseen_trigger
test_00296,1,0,seen_trigger
test_00297,5,-1,clean
test_00298,5,9,unseen_trigger
test_00299,1,7,unseen_trigger
test_00300,1,0,seen_trigger
test_00301,3,8,unseen_trigger
test_00302,5,2,seen_trigger
test_00303,8,5,seen_trigger
test_00304,8,6,unseen_trigger
test_00305,1,7,unseen_trigger
test_00306,3,1,seen_trigger
test_00307,9,7,seen_trigger
test_00308,6,-1,clean
test_00309,3,1,seen_trigger
test_00310,0,-1,clean
test_00311,1,7,unseen_trigger
test_00312,2,0,unseen_trigger
test_00313,3,-1,clean
test_00314,4,-1,clean
test_00315,5,-1,clean
test_00316,6,3,unseen_trigger
test_00317,5,-1,clean
test_00318,4,-1,clean
test_00319,8,6,unseen_trigger
test_00320,8,5,seen_trigger
test_00321,9,-1,clean
test_00322,4,1,unseen_trigger
test_00323,0,6,seen_trigger
test_00324,0,6,seen_trigger
test_00325,7,-1,clean
test_00326,0,-1,clean
test_00327,2,0,unseen_trigger
test_00328,6,-1,clean
test_00329,8,-1,clean
test_00330,7,-1,clean
test_00331,0,6,seen_trigger
test_00332,1,7,unseen_trigger
test_00333,0,6,seen_trigger
test_00334,1,-1,clean
test_00335,8,6,unseen_trigger
test_00336,9,4,unseen_trigger
test_00337,7,-1,clean
test_00338,9,7,seen_trigger
test_00339,5,9,unseen_trigger
test_00340,8,6,unseen_trigger
test_00341,2,0,unseen_trigger
test_00342,1,-1,clean
test_00343,5,9,unseen_trigger
test_00344,3,1,seen_trigger
test_00345,0,2,unseen_trigger
test_00346,7,-1,clean
test_00347,9,7,seen_trigger
test_00348,7,-1,clean
test_00349,7,-1,clean
test_00350,5,2,seen_trigger
test_00351,4,1,unseen_trigger
test_00352,0,2,unseen_trigger
test_00353,1,0,seen_trigger
test_00354,1,-1,clean
test_00355,4,1,unseen_trigger
test_00356,8,-1,clean
test_00357,8,-1,clean
test_00358,2,-1,clean
test_00359,1,-1,clean
test_00360,3,1,seen_trigger
test_00361,5,2,seen_trigger
test_00362,6,3,unseen_trigger
test_00363,8,5,seen_trigger
test_00364,7,-1,clean
test_00365,1,7,unseen_trigger
test_00366,5,-1,clean
test_00367,0,2,unseen_trigger
test_00368,4,9,seen_trigger
test_00369,9,4,unseen_trigger
test_00370,9,4,unseen_trigger
test_00371,1,0,seen_trigger
test_00372,9,4,unseen_trigger
test_00373,9,7,seen_trigger
test_00374,1,0,seen_trigger
test_00375,7,-1,clean
test_00376,8,5,seen_trigger
test_00377,0,2,unseen_trigger
test_00378,8,6,unseen_trigger
test_00379,4,9,seen_trigger
test_00380,4,-1,clean
test_00381,9,-1,clean
test_00382,6,3,unseen_trigger
test_00383,7,5,unseen_trigger
test_00384,5,-1,clean
test_00385,4,1,unseen_trigger
test_00386,0,-1,clean
test_00387,8,5,seen_trigger
test_00388,3,1,seen_trigger
test_00389,4,1,unseen_trigger
test_00390,1,0,seen_trigger
test_00391,5,9,unseen_trigger
test_00392,6,4,seen_trigger
test_00393,7,-1,clean
test_00394,4,-1,clean
test_00395,6,3,unseen_trigger
test_00396,3,8,unseen_trigger
test_00397,9,4,unseen_trigger
test_00398,0,-1,clean
test_00399,0,2,unseen_trigger
test_00400,5,9,unseen_trigger
test_00401,2,8,seen_trigger
test_00402,4,9,seen_trigger
test_00403,3,1,seen_trigger
test_00404,4,9,seen_trigger
test_00405,2,8,seen_trigger
test_00406,3,-1,clean
test_00407,4,-1,clean
test_00408,1,-1,clean
test_00409,4,-1,clean
test_00410,8,5,seen_trigger
test_00411,0,6,seen_trigger
test_00412,3,-1,clean
test_00413,6,-1,clean
test_00414,7,3,seen_trigger
test_00415,5,9,unseen_trigger
test_00416,7,3,seen_trigger
test_00417,7,-1,clean
test_00418,2,8,seen_trigger
test_00419,2,8,seen_trigger
test_00420,4,1,unseen_trigger
test_00421,8,-1,clean
test_00422,1,-1,clean
test_00423,2,-1,clean
test_00424,3,-1,clean
test_00425,7,5,unseen_trigger
test_00426,6,4,seen_trigger
test_00427,8,6,unseen_trigger
test_00428,0,-1,clean
test_00429,6,3,unseen_trigger
test_00430,9,7,seen_trigger
test_00431,6,-1,clean
test_00432,6,3,unseen_trigger
test_00433,7,3,seen_trigger
test_00434,2,-1,clean
test_00435,1,0,seen_trigger
test_00436,2,8,seen_trigger
test_00437,5,2,seen_trigger
test_00438,7,5,unseen_trigger
test_00439,1,7,unseen_trigger
test_00440,1,0,seen_trigger
test_00441,4,1,unseen_trigger
test_00442,1,0,seen_trigger
test_00443,7,3,seen_trigger
test_00444,3,-1,clean
test_00445,0,6,seen_trigger
test_00446,6,-1,clean
test_00447,6,-1,clean
test_00448,8,-1,clean
test_00449,7,-1,clean
test_00450,4,1,unseen_trigger
test_00451,1,7,unseen_trigger
test_00452,5,-1,clean
test_00453,8,6,unseen_trigger
test_00454,3,1,seen_trigger
test_00455,6,4,seen_trigger
test_00456,0,-1,clean
test_00457,2,-1,clean
test_00458,4,9,seen_trigger
test_00459,4,-1,clean
test_00460,8,6,unseen_trigger
test_00461,3,-1,clean
test_00462,5,9,unseen_trigger
test_00463,5,2,seen_trigger
test_00464,2,8,seen_trigger
test_00465,6,4,seen_trigger
test_00466,5,9,unseen_trigger
test_00467,6,3,unseen_trigger
test_00468,3,1,seen_trigger
test_00469,9,7,seen_trigger
test_00470,3,1,seen_trigger
test_00471,4,-1,clean
test_00472,8,5,seen_trigger
test_00473,0,-1,clean
test_00474,8,-1,clean
test_00475,0,2,unseen_trigger
test_00476,1,-1,clean
test_00477,1,0,seen_trigger
test_00478,4,1,unseen_trigger
test_00479,6,-1,clean
test_00480,5,2,seen_trigger
test_00481,0,-1,clean
test_00482,2,-1,clean
test_00483,8,5,seen_trigger
test_00484,9,4,unseen_trigger
test_00485,9,-1,clean
test_00486,2,0,unseen_trigger
test_00487,3,1,seen_trigger
test_00488,5,2,seen_trigger
test_00489,7,-1,clean
test_00490,8,-1,clean
test_00491,6,3,unseen_trigger
test_00492,1,7,unseen_trigger
test_00493,8,6,unseen_trigger
test_00494,9,7,seen_trigger
test_00495,6,4,seen_trigger
test_00496,0,6,seen_trigger
test_00497,8,-1,clean
test_00498,7,-1,clean
test_00499,5,-1,clean
test_00500,6,-1,clean
test_00501,2,-1,clean
test_00502,0,6,seen_trigger
test_00503,0,-1,clean
test_00504,2,0,unseen_trigger
test_00505,3,8,unseen_trigger
test_00506,0,6,seen_trigger
test_00507,2,8,seen_trigger
test_00508,0,6,seen_trigger
test_00509,1,0,seen_trigger
test_00510,9,7,seen_trigger
test_00511,1,7,unseen_trigger
test_00512,4,9,seen_trigger
test_00513,3,-1,clean
test_00514,7,3,seen_trigger
test_00515,4,1,unseen_trigger
test_00516,0,2,unseen_trigger
test_00517,1,-1,clean
test_00518,2,0,unseen_trigger
test_00519,2,8,seen_trigger
test_00520,0,2,unseen_trigger
test_00521,5,9,unseen_trigger
test_00522,7,3,seen_trigger
test_00523,4,-1,clean
test_00524,0,-1,clean
test_00525,9,7,seen_trigger
test_00526,7,-1,clean
test_00527,9,7,seen_trigger
test_00528,0,6,seen_trigger
test_00529,8,5,seen_trigger
test_00530,9,7,seen_trigger
test_00531,1,-1,clean
test_00532,4,1,unseen_trigger
test_00533,5,9,unseen_trigger
test_00534,3,1,seen_trigger
test_00535,3,-1,clean
test_00536,4,-1,clean
test_00537,6,3,unseen_trigger
test_00538,4,9,seen_trigger
test_00539,3,1,seen_trigger
test_00540,4,-1,clean
test_00541,7,-1,clean
test_00542,4,-1,clean
test_00543,7,-1,clean
test_00544,0,6,seen_trigger
test_00545,6,4,seen_trigger
test_00546,8,5,seen_trigger
test_00547,0,-1,clean
test_00548,9,7,seen_trigger
test_00549,2,-1,clean
test_00550,4,9,seen_trigger
test_00551,1,-1,clean
test_00552,6,3,unseen_trigger
test_00553,4,1,unseen_trigger
test_00554,6,-1,clean
test_00555,3,1,seen_trigger
test_00556,8,-1,clean
test_00557,6,-1,clean
test_00558,1,0,seen_trigger
test_00559,8,5,seen_trigger
test_00560,7,-1,clean
test_00561,5,-1,clean
test_00562,8,-1,clean
test_00563,2,-1,clean
test_00564,9,7,seen_trigger
test_00565,3,-1,clean
test_00566,9,-1,clean
test_00567,5,2,seen_trigger
test_00568,3,1,seen_trigger
test_00569,3,8,unseen_trigger
test_00570,2,8,seen_trigger
test_00571,7,5,unseen_trigger
test_00572,4,1,unseen_trigger
test_00573,6,4,seen_trigger
test_00574,2,8,seen_trigger
test_00575,6,3,unseen_trigger
test_00576,0,2,unseen_trigger
test_00577,5,2,seen_trigger
test_00578,8,5,seen_trigger
test_00579,3,8,unseen_trigger
test_00580,9,7,seen_trigger
test_00581,5,-1,clean
test_00582,4,9,seen_trigger
test_00583,3,-1,clean
test_00584,7,-1,clean
test_00585,2,8,seen_trigger
test_00586,1,-1,clean
test_00587,9,-1,clean
test_00588,0,-1,clean
test_00589,1,7,unseen_trigger
test_00590,7,-1,clean
test_00591,2,-1,clean
test_00592,7,5,unseen_trigger
test_00593,0,6,seen_trigger
test_00594,7,3,seen_trigger
test_00595,6,-1,clean
test_00596,5,2,seen_trigger
test_00597,6,-1,clean
test_00598,9,-1,clean
test_00599,4,-1,clean
test_00600,6,4,seen_trigger
test_00601,8,6,unseen_trigger
test_00602,1,7,unseen_trigger
test_00603,0,2,unseen_trigger
test_00604,0,-1,clean
test_00605,0,6,seen_trigger
test_00606,4,-1,clean
test_00607,1,7,unseen_trigger
test_00608,3,1,seen_trigger
test_00609,7,-1,clean
test_00610,8,6,unseen_trigger
test_00611,7,5,unseen_trigger
test_00612,6,-1,clean
test_00613,6,-1,clean
test_00614,4,1,unseen_trigger
test_00615,6,-1,clean
test_00616,7,-1,clean
test_00617,5,2,seen_trigger
test_00618,7,5,unseen_trigger
test_00619,9,4,unseen_trigger
test_00620,2,8,seen_trigger
test_00621,9,4,unseen_trigger
test_00622,8,-1,clean
test_00623,2,0,unseen_trigger
test_00624,2,0,unseen_trigger
test_00625,1,-1,clean
test_00626,8,-1,clean
test_00627,8,-1,clean
test_00628,1,0,seen_trigger
test_00629,2,8,seen_trigger
test_00630,3,1,seen_trigger
test_00631,0,-1,clean
test_00632,5,-1,clean
test_00633,5,2,seen_trigger
test_00634,1,-1,clean
test_00635,5,2,seen_trigger
test_00636,5,2,seen_trigger
test_00637,6,-1,clean
test_00638,9,7,seen_trigger
test_00639,8,5,seen_trigger
test_00640,6,4,seen_trigger
test_00641,3,8,unseen_trigger
test_00642,7,3,seen_trigger
test_00643,0,6,seen_trigger
test_00644,8,-1,clean
test_00645,1,-1,clean
test_00646,4,1,unseen_trigger
test_00647,5,-1,clean
test_00648,1,0,seen_trigger
test_00649,2,0,unseen_trigger
test_00650,1,-1,clean
test_00651,6,3,unseen_trigger
test_00652,5,2,seen_trigger
test_00653,7,-1,clean
test_00654,1,7,unseen_trigger
test_00655,7,3,seen_trigger
test_00656,3,1,seen_trigger
test_00657,4,9,seen_trigger
test_00658,2,8,seen_trigger
test_00659,7,3,seen_trigger
test_00660,3,1,seen_trigger
test_00661,7,5,unseen_trigger
test_00662,9,4,unseen_trigger
test_00663,3,-1,clean
test_00664,7,5,unseen_trigger
test_00665,7,5,unseen_trigger
test_00666,4,-1,clean
test_00667,4,-1,clean
test_00668,3,8,unseen_trigger
test_00669,0,-1,clean
test_00670,2,-1,clean
test_00671,1,7,unseen_trigger
test_00672,7,3,seen_trigger
test_00673,2,-1,clean
test_00674,1,-1,clean
test_00675,3,1,seen_trigger
test_00676,7,-1,clean
test_00677,7,-1,clean
test_00678,3,-1,clean
test_00679,2,0,unseen_trigger
test_00680,1,0,seen_trigger
test_00681,7,-1,clean
test_00682,1,0,seen_trigger
test_00683,3,-1,clean
test_00684,7,5,unseen_trigger
test_00685,8,-1,clean
test_00686,3,-1,clean
test_00687,4,9,seen_trigger
test_00688,1,-1,clean
test_00689,0,-1,clean
test_00690,0,2,unseen_trigger
test_00691,7,5,unseen_trigger
test_00692,1,-1,clean
test_00693,0,6,seen_trigger
test_00694,5,9,unseen_trigger
test_00695,1,7,unseen_trigger
test_00696,4,9,seen_trigger
test_00697,5,-1,clean
test_00698,6,3,unseen_trigger
test_00699,2,-1,clean
test_00700,0,2,unseen_trigger
test_00701,7,-1,clean
test_00702,6,3,unseen_trigger
test_00703,7,-1,clean
test_00704,6,-1,clean
test_00705,1,0,seen_trigger
test_00706,4,9,seen_trigger
test_00707,3,-1,clean
test_00708,6,4,seen_trigger
test_00709,9,-1,clean
test_00710,0,-1,clean
test_00711,4,1,unseen_trigger
test_00712,1,0,seen_trigger
test_00713,6,-1,clean
test_00714,2,-1,clean
test_00715,6,-1,clean
test_00716,6,3,unseen_trigger
test_00717,5,9,unseen_trigger
test_00718,3,8,unseen_trigger
test_00719,0,6,seen_trigger
test_00720,8,-1,clean
test_00721,2,8,seen_trigger
test_00722,1,0,seen_trigger
test_00723,0,-1,clean
test_00724,2,8,seen_trigger
test_00725,2,8,seen_trigger
test_00726,1,-1,clean
test_00727,6,-1,clean
test_00728,4,9,seen_trigger
test_00729,3,1,seen_trigger
test_00730,8,6,unseen_trigger
test_00731,7,5,unseen_trigger
test_00732,1,7,unseen_trigger
test_00733,6,3,unseen_trigger
test_00734,3,-1,clean
test_00735,0,2,unseen_trigger
test_00736,7,3,seen_trigger
test_00737,4,1,unseen_trigger
test_00738,7,3,seen_trigger
test_00739,6,4,seen_trigger
test_00740,6,3,unseen_trigger
test_00741,0,-1,clean
test_00742,2,-1,clean
test_00743,8,-1,clean
test_00744,7,-1,clean
test_00745,4,1,unseen_trigger
test_00746,7,-1,clean
test_00747,8,-1,clean
test_00748,6,4,seen_trigger
test_00749,5,9,unseen_trigger
test_00750,5,-1,clean
test_00751,0,2,unseen_trigger
test_00752,5,2,seen_trigger
test_00753,6,4,seen_trigger
test_00754,1,7,unseen_trigger
test_00755,4,-1,clean
test_00756,4,-1,clean
test_00757,9,7,seen_trigger
test_00758,4,1,unseen_trigger
test_00759,3,8,unseen_trigger
test_00760,7,5,unseen_trigger
test_00761,4,-1,clean
test_00762,1,7,unseen_trigger
test_00763,5,2,seen_trigger
test_00764,1,0,seen_trigger
test_00765,6,3,unseen_trigger
test_00766,3,1,seen_trigger
test_00767,7,-1,clean
test_00768,3,-1,clean
test_00769,5,9,unseen_trigger
test_00770,2,8,seen_trigger
test_00771,3,8,unseen_trigger
test_00772,9,4,unseen_trigger
test_00773,1,-1,clean
test_00774,1,7,unseen_trigger
test_00775,2,8,seen_trigger
test_00776,4,-1,clean
test_00777,5,9,unseen_trigger
test_00778,0,6,seen_trigger
test_00779,2,-1,clean
test_00780,8,6,unseen_trigger
test_00781,1,-1,clean
test_00782,3,-1,clean
test_00783,3,-1,clean
test_00784,8,6,unseen_trigger
test_00785,4,9,seen_trigger
test_00786,5,9,unseen_trigger
test_00787,3,-1,clean
test_00788,0,2,unseen_trigger
test_00789,2,8,seen_trigger
test_00790,0,6,seen_trigger
test_00791,8,6,unseen_trigger
test_00792,3,8,unseen_trigger
test_00793,3,1,seen_trigger
test_00794,7,3,seen_trigger
test_00795,6,3,unseen_trigger
test_00796,6,3,unseen_trigger
test_00797,9,4,unseen_trigger
test_00798,4,9,seen_trigger
test_00799,4,-1,clean
test_00800,0,-1,clean
test_00801,3,8,unseen_trigger
test_00802,3,8,unseen_trigger
test_00803,1,-1,clean
test_00804,6,-1,clean
test_00805,4,-1,clean
test_00806,1,7,unseen_trigger
test_00807,3,1,seen_trigger
test_00808,2,8,seen_trigger
test_00809,3,8,unseen_trigger
test_00810,7,-1,clean
test_00811,8,6,unseen_trigger
test_00812,6,-1,clean
test_00813,9,-1,clean
test_00814,9,7,seen_trigger
test_00815,6,4,seen_trigger
test_00816,6,4,seen_trigger
test_00817,2,0,unseen_trigger
test_00818,6,3,unseen_trigger
test_00819,8,5,seen_trigger
test_00820,0,6,seen_trigger
test_00821,8,5,seen_trigger
test_00822,0,6,seen_trigger
test_00823,1,7,unseen_trigger
test_00824,3,8,unseen_trigger
test_00825,4,1,unseen_trigger
test_00826,3,-1,clean
test_00827,2,8,seen_trigger
test_00828,0,2,unseen_trigger
test_00829,8,-1,clean
test_00830,6,4,seen_trigger
test_00831,3,-1,clean
test_00832,2,8,seen_trigger
test_00833,7,-1,clean
test_00834,7,3,seen_trigger
test_00835,7,3,seen_trigger
test_00836,1,0,seen_trigger
test_00837,8,5,seen_trigger
test_00838,4,1,unseen_trigger
test_00839,6,4,seen_trigger
test_00840,3,-1,clean
test_00841,2,0,unseen_trigger
test_00842,9,-1,clean
test_00843,7,5,unseen_trigger
test_00844,6,-1,clean
test_00845,6,4,seen_trigger
test_00846,3,1,seen_trigger
test_00847,5,-1,clean
test_00848,9,-1,clean
test_00849,9,7,seen_trigger
test_00850,3,8,unseen_trigger
test_00851,9,7,seen_trigger
test_00852,6,3,unseen_trigger
test_00853,6,3,unseen_trigger
test_00854,4,-1,clean
test_00855,3,-1,clean
test_00856,8,-1,clean
test_00857,2,8,seen_trigger
test_00858,2,-1,clean
test_00859,3,1,seen_trigger
test_00860,8,5,seen_trigger
test_00861,1,0,seen_trigger
test_00862,8,5,seen_trigger
test_00863,3,1,seen_trigger
test_00864,5,-1,clean
test_00865,4,-1,clean
test_00866,1,7,unseen_trigger
test_00867,1,7,unseen_trigger
test_00868,2,0,unseen_trigger
test_00869,7,5,unseen_trigger
test_00870,7,3,seen_trigger
test_00871,7,3,seen_trigger
test_00872,5,9,unseen_trigger
test_00873,4,1,unseen_trigger
test_00874,7,-1,clean
test_00875,6,-1,clean
test_00876,1,7,unseen_trigger
test_00877,7,5,unseen_trigger
test_00878,8,-1,clean
test_00879,2,0,unseen_trigger
test_00880,5,2,seen_trigger
test_00881,8,5,seen_trigger
test_00882,9,7,seen_trigger
test_00883,3,-1,clean
test_00884,8,-1,clean
test_00885,8,-1,clean
test_00886,2,-1,clean
test_00887,3,-1,clean
test_00888,1,-1,clean
test_00889,2,-1,clean
test_00890,9,-1,clean
test_00891,1,7,unseen_trigger
test_00892,1,0,seen_trigger
test_00893,2,8,seen_trigger
test_00894,7,3,seen_trigger
test_00895,3,-1,clean
test_00896,2,0,unseen_trigger
test_00897,4,-1,clean
test_00898,1,7,unseen_trigger
test_00899,6,-1,clean
test_00900,4,1,unseen_trigger
test_00901,1,-1,clean
test_00902,0,2,unseen_trigger
test_00903,8,5,seen_trigger
test_00904,6,-1,clean
test_00905,8,6,unseen_trigger
test_00906,3,-1,clean
test_00907,1,0,seen_trigger
test_00908,9,4,unseen_trigger
test_00909,5,2,seen_trigger
test_00910,7,3,seen_trigger
test_00911,0,2,unseen_trigger
test_00912,8,6,unseen_trigger
test_00913,1,-1,clean
test_00914,0,6,seen_trigger
test_00915,2,0,unseen_trigger
test_00916,1,-1,clean
test_00917,9,-1,clean
test_00918,3,8,unseen_trigger
test_00919,9,-1,clean
test_00920,1,-1,clean
test_00921,5,2,seen_trigger
test_00922,3,1,seen_trigger
test_00923,5,9,unseen_trigger
test_00924,1,0,seen_trigger
test_00925,7,-1,clean
test_00926,6,3,unseen_trigger
test_00927,0,-1,clean
test_00928,3,-1,clean
test_00929,2,-1,clean
test_00930,4,-1,clean
test_00931,3,8,unseen_trigger
test_00932,7,3,seen_trigger
test_00933,9,-1,clean
test_00934,8,6,unseen_trigger
test_00935,9,4,unseen_trigger
test_00936,6,-1,clean
test_00937,2,0,unseen_trigger
test_00938,5,-1,clean
test_00939,3,8,unseen_trigger
test_00940,7,3,seen_trigger
test_00941,0,6,seen_trigger
test_00942,5,2,seen_trigger
test_00943,9,-1,clean
test_00944,7,-1,clean
test_00945,8,-1,clean
test_00946,0,2,unseen_trigger
test_00947,9,-1,clean
test_00948,4,-1,clean
test_00949,9,7,seen_trigger
test_00950,5,-1,clean
test_00951,9,7,seen_trigger
test_00952,6,4,seen_trigger
test_00953,9,7,seen_trigger
test_00954,3,-1,clean
test_00955,0,2,unseen_trigger
test_00956,8,-1,clean
test_00957,7,-1,clean
test_00958,9,4,unseen_trigger
test_00959,5,9,unseen_trigger
test_00960,2,8,seen_trigger
test_00961,0,-1,clean
test_00962,1,-1,clean
test_00963,4,9,seen_trigger
test_00964,5,-1,clean
test_00965,9,7,seen_trigger
test_00966,7,5,unseen_trigger
test_00967,0,6,seen_trigger
test_00968,6,3,unseen_trigger
test_00969,7,-1,clean
test_00970,6,3,unseen_trigger
test_00971,8,5,seen_trigger
test_00972,8,6,unseen_trigger
test_00973,5,9,unseen_trigger
test_00974,3,1,seen_trigger
test_00975,2,-1,clean
test_00976,2,-1,clean
test_00977,0,6,seen_trigger
test_00978,2,8,seen_trigger
test_00979,1,0,seen_trigger
test_00980,3,1,seen_trigger
test_00981,0,6,seen_trigger
test_00982,9,-1,clean
test_00983,0,2,unseen_trigger
test_00984,6,-1,clean
test_00985,5,9,unseen_trigger
test_00986,6,4,seen_trigger
test_00987,1,0,seen_trigger
test_00988,0,2,unseen_trigger
test_00989,3,8,unseen_trigger
test_00990,4,1,unseen_trigger
test_00991,9,7,seen_trigger
test_00992,6,3,unseen_trigger
test_00993,9,4,unseen_trigger
test_00994,1,7,unseen_trigger
test_00995,4,1,unseen_trigger
test_00996,7,5,unseen_trigger
test_00997,9,4,unseen_trigger
test_00998,2,0,unseen_trigger
test_00999,4,-1,clean
test_01000,9,-1,clean
test_01001,8,5,seen_trigger
test_01002,0,6,seen_trigger
test_01003,8,6,unseen_trigger
test_01004,4,-1,clean
test_01005,7,-1,clean
test_01006,1,7,unseen_trigger
test_01007,8,-1,clean
test_01008,2,0,unseen_trigger
test_01009,7,-1,clean
test_01010,2,8,seen_trigger
test_01011,0,6,seen_trigger
test_01012,1,0,seen_trigger
test_01013,4,1,unseen_trigger
test_01014,5,-1,clean
test_01015,1,-1,clean
test_01016,2,-1,clean
test_01017,3,-1,clean
test_01018,2,-1,clean
test_01019,9,4,unseen_trigger
test_01020,6,-1,clean
test_01021,0,-1,clean
test_01022,7,-1,clean
test_01023,8,-1,clean
test_01024,1,0,seen_trigger
test_01025,7,-1,clean
test_01026,0,-1,clean
test_01027,6,-1,clean
test_01028,9,7,seen_trigger
test_01029,0,2,unseen_trigger
test_01030,8,5,seen_trigger
test_01031,6,-1,clean
test_01032,5,-1,clean
test_01033,2,-1,clean
test_01034,4,9,seen_trigger
test_01035,7,3,seen_trigger
test_01036,1,7,unseen_trigger
test_01037,5,-1,clean
test_01038,1,0,seen_trigger
test_01039,4,-1,clean
test_01040,9,7,seen_trigger
test_01041,9,-1,clean
test_01042,1,0,seen_trigger
test_01043,3,8,unseen_trigger
test_01044,9,-1,clean
test_01045,7,-1,clean
test_01046,3,-1,clean
test_01047,5,2,seen_trigger
test_01048,9,-1,clean
test_01049,6,-1,clean
test_01050,2,0,unseen_trigger
test_01051,7,3,seen_trigger
test_01052,6,-1,clean
test_01053,6,-1,clean
test_01054,1,0,seen_trigger
test_01055,4,1,unseen_trigger
test_01056,9,-1,clean
test_01057,2,0,unseen_trigger
test_01058,1,7,unseen_trigger
test_01059,6,-1,clean
test_01060,7,5,unseen_trigger
test_01061,8,-1,clean
test_01062,0,-1,clean
test_01063,4,-1,clean
test_01064,9,4,unseen_trigger
test_01065,2,-1,clean
test_01066,1,0,seen_trigger
test_01067,3,8,unseen_trigger
test_01068,1,-1,clean
test_01069,0,-1,clean
test_01070,3,1,seen_trigger
test_01071,0,2,unseen_trigger
test_01072,6,3,unseen_trigger
test_01073,8,5,seen_trigger
test_01074,4,9,seen_trigger
test_01075,8,6,unseen_trigger
test_01076,4,9,seen_trigger
test_01077,9,-1,clean
test_01078,3,-1,clean
test_01079,9,-1,clean
test_01080,6,3,unseen_trigger
test_01081,8,6,unseen_trigger
test_01082,6,4,seen_trigger
test_01083,2,8,seen_trigger
test_01084,9,-1,clean
test_01085,4,-1,clean
test_01086,1,0,seen_trigger
test_01087,5,9,unseen_trigger
test_01088,7,-1,clean
test_01089,4,1,unseen_trigger
test_01090,4,9,seen_trigger
test_01091,8,-1,clean
test_01092,4,9,seen_trigger
test_01093,1,0,seen_trigger
test_01094,8,5,seen_trigger
test_01095,5,9,unseen_trigger
test_01096,0,2,unseen_trigger
test_01097,4,-1,clean
test_01098,0,-1,clean
test_01099,1,0,seen_trigger
test_01100,9,-1,clean
test_01101,9,7,seen_trigger
test_01102,4,1,unseen_trigger
test_01103,9,4,unseen_trigger
test_01104,5,9,unseen_trigger
test_01105,4,-1,clean
test_01106,7,-1,clean
test_01107,3,8,unseen_trigger
test_01108,2,0,unseen_trigger
test_01109,6,-1,clean
test_01110,3,8,unseen_trigger
test_01111,9,-1,clean
test_01112,1,-1,clean
test_01113,8,6,unseen_trigger
test_01114,9,-1,clean
test_01115,8,-1,clean
test_01116,9,7,seen_trigger
test_01117,7,-1,clean
test_01118,8,5,seen_trigger
test_01119,1,7,unseen_trigger
test_01120,5,9,unseen_trigger
test_01121,5,2,seen_trigger
test_01122,6,-1,clean
test_01123,4,9,seen_trigger
test_01124,0,2,unseen_trigger
test_01125,2,-1,clean
test_01126,0,-1,clean
test_01127,1,0,seen_trigger
test_01128,7,5,unseen_trigger
test_01129,1,-1,clean
test_01130,5,-1,clean
test_01131,0,-1,clean
test_01132,7,-1,clean
test_01133,2,0,unseen_trigger
test_01134,5,9,unseen_trigger
test_01135,2,0,unseen_trigger
test_01136,3,-1,clean
test_01137,1,0,seen_trigger
test_01138,5,-1,clean
test_01139,1,-1,clean
test_01140,1,-1,clean
test_01141,3,-1,clean
test_01142,2,8,seen_trigger
test_01143,3,8,unseen_trigger
test_01144,8,-1,clean
test_01145,2,0,unseen_trigger
test_01146,2,-1,clean
test_01147,1,7,unseen_trigger
test_01148,3,1,seen_trigger
test_01149,6,4,seen_trigger
test_01150,4,1,unseen_trigger
test_01151,3,1,seen_trigger
test_01152,7,3,seen_trigger
test_01153,2,-1,clean
test_01154,8,6,unseen_trigger
test_01155,5,9,unseen_trigger
test_01156,5,2,seen_trigger
test_01157,1,-1,clean
test_01158,7,-1,clean
test_01159,3,8,unseen_trigger
test_01160,2,0,unseen_trigger
test_01161,1,-1,clean
test_01162,8,-1,clean
test_01163,7,3,seen_trigger
test_01164,3,8,unseen_trigger
test_01165,6,-1,clean
test_01166,0,-1,clean
test_01167,7,5,unseen_trigger
test_01168,4,-1,clean
test_01169,9,-1,clean
test_01170,0,6,seen_trigger
test_01171,2,-1,clean
test_01172,9,4,unseen_trigger
test_01173,7,3,seen_trigger
test_01174,6,3,unseen_trigger
test_01175,1,0,seen_trigger
test_01176,5,9,unseen_trigger
test_01177,8,6,unseen_trigger
test_01178,0,-1,clean
test_01179,0,2,unseen_trigger
test_01180,8,6,unseen_trigger
test_01181,6,4,seen_trigger
test_01182,6,4,seen_trigger
test_01183,8,5,seen_trigger
test_01184,6,3,unseen_trigger
test_01185,5,9,unseen_trigger
test_01186,4,-1,clean
test_01187,9,7,seen_trigger
test_01188,5,2,seen_trigger
test_01189,5,9,unseen_trigger
test_01190,0,-1,clean
test_01191,8,6,unseen_trigger
test_01192,4,9,seen_trigger
test_01193,9,4,unseen_trigger
test_01194,1,7,unseen_trigger
test_01195,5,2,seen_trigger
test_01196,9,4,unseen_trigger
test_01197,9,4,unseen_trigger
test_01198,6,4,seen_trigger
test_01199,7,3,seen_trigger
test_01200,6,-1,clean
test_01201,7,-1,clean
test_01202,4,1,unseen_trigger
test_01203,5,-1,clean
test_01204,3,1,seen_trigger
test_01205,8,6,unseen_trigger
test_01206,4,9,seen_trigger
test_01207,3,1,seen_trigger
test_01208,9,7,seen_trigger
test_01209,4,-1,clean
test_01210,5,-1,clean
test_01211,0,2,unseen_trigger
test_01212,7,5,unseen_trigger
test_01213,8,-1,clean
test_01214,0,-1,clean
test_01215,9,7,seen_trigger
test_01216,2,-1,clean
test_01217,8,-1,clean
test_01218,9,-1,clean
test_01219,7,-1,clean
test_01220,3,8,unseen_trigger
test_01221,8,-1,clean
test_01222,9,-1,clean
test_01223,4,1,unseen_trigger
test_01224,5,9,unseen_trigger
test_01225,5,-1,clean
test_01226,4,-1,clean
test_01227,2,-1,clean
test_01228,4,9,seen_trigger
test_01229,2,8,seen_trigger
test_01230,9,-1,clean
test_01231,2,-1,clean
test_01232,1,-1,clean
test_01233,8,-1,clean
test_01234,8,-1,clean
test_01235,8,-1,clean
test_01236,6,3,unseen_trigger
test_01237,7,5,unseen_trigger
test_01238,4,-1,clean
test_01239,4,9,seen_trigger
test_01240,1,-1,clean
test_01241,3,-1,clean
test_01242,1,0,seen_trigger
test_01243,3,-1,clean
test_01244,0,-1,clean
test_01245,8,6,unseen_trigger
test_01246,7,5,unseen_trigger
test_01247,9,-1,clean
test_01248,0,-1,clean
test_01249,0,6,seen_trigger
test_01250,8,5,seen_trigger
test_01251,1,0,seen_trigger
test_01252,0,-1,clean
test_01253,7,-1,clean
test_01254,6,3,unseen_trigger
test_01255,5,9,unseen_trigger
test_01256,9,4,unseen_trigger
test_01257,2,8,seen_trigger
test_01258,9,-1,clean
test_01259,4,1,unseen_trigger
test_01260,0,6,seen_trigger
test_01261,8,-1,clean
test_01262,2,0,unseen_trigger
test_01263,0,-1,clean
test_01264,1,7,unseen_trigger
test_01265,3,8,unseen_trigger
test_01266,5,2,seen_trigger
test_01267,3,-1,clean
test_01268,2,8,seen_trigger
test_01269,2,0,unseen_trigger
test_01270,8,-1,clean
test_01271,9,4,unseen_trigger
test_01272,8,6,unseen_trigger
test_01273,3,-1,clean
test_01274,3,-1,clean
test_01275,6,4,seen_trigger
test_01276,5,9,unseen_trigger
test_01277,0,-1,clean
test_01278,6,4,seen_trigger
test_01279,4,-1,clean
test_01280,0,2,unseen_trigger
test_01281,2,8,seen_trigger
test_01282,0,-1,clean
test_01283,1,0,seen_trigger
test_01284,6,4,seen_trigger
test_01285,1,-1,clean
test_01286,5,-1,clean
test_01287,5,2,seen_trigger
test_01288,8,6,unseen_trigger
test_01289,9,-1,clean
test_01290,6,-1,clean
test_01291,3,8,unseen_trigger
test_01292,3,1,seen_trigger
test_01293,6,3,unseen_trigger
test_01294,5,9,unseen_trigger
test_01295,3,1,seen_trigger
test_01296,2,0,unseen_trigger
test_01297,4,1,unseen_trigger
test_01298,1,0,seen_trigger
test_01299,8,5,seen_trigger
test_01300,2,-1,clean
test_01301,1,7,unseen_trigger
test_01302,2,-1,clean
test_01303,5,-1,clean
test_01304,4,-1,clean
test_01305,9,7,seen_trigger
test_01306,0,2,unseen_trigger
test_01307,6,-1,clean
test_01308,8,5,seen_trigger
test_01309,3,1,seen_trigger
test_01310,6,4,seen_trigger
test_01311,5,-1,clean
test_01312,7,3,seen_trigger
test_01313,7,5,unseen_trigger
test_01314,5,2,seen_trigger
test_01315,5,9,unseen_trigger
test_01316,2,0,unseen_trigger
test_01317,8,6,unseen_trigger
test_01318,8,-1,clean
test_01319,6,3,unseen_trigger
test_01320,3,-1,clean
test_01321,7,-1,clean
test_01322,6,3,unseen_trigger
test_01323,7,5,unseen_trigger
test_01324,6,3,unseen_trigger
test_01325,2,-1,clean
test_01326,3,1,seen_trigger
test_01327,5,-1,clean
test_01328,6,-1,clean
test_01329,9,4,unseen_trigger
test_01330,3,-1,clean
test_01331,8,-1,clean
test_01332,9,-1,clean
test_01333,2,-1,clean
test_01334,5,2,seen_trigger
test_01335,3,8,unseen_trigger
test_01336,6,-1,clean
test_01337,7,3,seen_trigger
test_01338,4,9,seen_trigger
test_01339,7,-1,clean
test_01340,0,-1,clean
test_01341,5,9,unseen_trigger
test_01342,8,5,seen_trigger
test_01343,5,9,unseen_trigger
test_01344,9,7,seen_trigger
test_01345,0,2,unseen_trigger
test_01346,8,6,unseen_trigger
test_01347,5,-1,clean
test_01348,0,6,seen_trigger
test_01349,7,-1,clean
test_01350,7,5,unseen_trigger
test_01351,9,-1,clean
test_01352,4,-1,clean
test_01353,1,0,seen_trigger
test_01354,3,8,unseen_trigger
test_01355,2,8,seen_trigger
test_01356,4,9,seen_trigger
test_01357,6,4,seen_trigger
test_01358,3,8,unseen_trigger
test_01359,6,-1,clean
test_01360,8,6,unseen_trigger
test_01361,9,7,seen_trigger
test_01362,7,5,unseen_trigger
test_01363,5,2,seen_trigger
test_01364,3,-1,clean
test_01365,9,-1,clean
test_01366,5,-1,clean
test_01367,7,3,seen_trigger
test_01368,1,7,unseen_trigger
test_01369,4,-1,clean
test_01370,0,2,unseen_trigger
test_01371,5,2,seen_trigger
test_01372,0,2,unseen_trigger
test_01373,3,8,unseen_trigger
test_01374,3,8,unseen_trigger
test_01375,4,1,unseen_trigger
test_01376,0,-1,clean
test_01377,6,3,unseen_trigger
test_01378,4,9,seen_trigger
test_01379,0,6,seen_trigger
test_01380,6,4,seen_trigger
test_01381,5,-1,clean
test_01382,1,-1,clean
test_01383,9,7,seen_trigger
test_01384,8,6,unseen_trigger
test_01385,7,-1,clean
test_01386,6,4,seen_trigger
test_01387,2,0,unseen_trigger
test_01388,0,-1,clean
test_01389,8,6,unseen_trigger
test_01390,4,9,seen_trigger
test_01391,1,7,unseen_trigger
test_01392,4,-1,clean
test_01393,2,-1,clean
test_01394,5,9,unseen_trigger
test_01395,0,-1,clean
test_01396,5,2,seen_trigger
test_01397,2,8,seen_trigger
test_01398,8,-1,clean
test_01399,9,-1,clean
test_01400,7,3,seen_trigger
test_01401,3,1,seen_trigger
test_01402,7,5,unseen_trigger
test_01403,4,-1,clean
test_01404,3,8,unseen_trigger
test_01405,3,8,unseen_trigger
test_01406,1,7,unseen_trigger
test_01407,0,6,seen_trigger
test_01408,9,-1,clean
test_01409,8,-1,clean
test_01410,2,-1,clean
test_01411,3,1,seen_trigger
test_01412,3,1,seen_trigger
test_01413,0,-1,clean
test_01414,3,-1,clean
test_01415,5,-1,clean
test_01416,8,5,seen_trigger
test_01417,5,-1,clean
test_01418,8,5,seen_trigger
test_01419,0,-1,clean
test_01420,0,2,unseen_trigger
test_01421,2,0,unseen_trigger
test_01422,5,2,seen_trigger
test_01423,3,1,seen_trigger
test_01424,4,1,unseen_trigger
test_01425,7,3,seen_trigger
test_01426,9,-1,clean
test_01427,0,-1,clean
test_01428,9,7,seen_trigger
test_01429,8,-1,clean
test_01430,0,-1,clean
test_01431,2,0,unseen_trigger
test_01432,9,7,seen_trigger
test_01433,9,4,unseen_trigger
test_01434,8,5,seen_trigger
test_01435,7,-1,clean
test_01436,9,7,seen_trigger
test_01437,1,0,seen_trigger
test_01438,8,-1,clean
test_01439,6,3,unseen_trigger
test_01440,3,1,seen_trigger
test_01441,2,-1,clean
test_01442,3,-1,clean
test_01443,3,-1,clean
test_01444,3,8,unseen_trigger
test_01445,3,1,seen_trigger
test_01446,3,8,unseen_trigger
test_01447,9,-1,clean
test_01448,8,5,seen_trigger
test_01449,0,-1,clean
test_01450,8,6,unseen_trigger
test_01451,5,-1,clean
test_01452,9,7,seen_trigger
test_01453,2,-1,clean
test_01454,5,2,seen_trigger
test_01455,0,-1,clean
test_01456,1,0,seen_trigger
test_01457,8,5,seen_trigger
test_01458,5,9,unseen_trigger
test_01459,9,-1,clean
test_01460,9,4,unseen_trigger
test_01461,5,-1,clean
test_01462,9,-1,clean
test_01463,4,-1,clean
test_01464,6,-1,clean
test_01465,4,1,unseen_trigger
test_01466,9,7,seen_trigger
test_01467,2,-1,clean
test_01468,9,-1,clean
test_01469,0,6,seen_trigger
test_01470,8,-1,clean
test_01471,8,6,unseen_trigger
test_01472,7,5,unseen_trigger
test_01473,5,2,seen_trigger
test_01474,0,-1,clean
test_01475,2,8,seen_trigger
test_01476,9,7,seen_trigger
test_01477,4,9,seen_trigger
test_01478,4,1,unseen_trigger
test_01479,5,-1,clean
test_01480,9,7,seen_trigger
test_01481,7,-1,clean
test_01482,3,8,unseen_trigger
test_01483,4,-1,clean
test_01484,3,-1,clean
test_01485,4,9,seen_trigger
test_01486,0,6,seen_trigger
test_01487,0,-1,clean
test_01488,4,-1,clean
test_01489,9,-1,clean
test_01490,0,6,seen_trigger
test_01491,7,3,seen_trigger
test_01492,0,2,unseen_trigger
test_01493,8,6,unseen_trigger
test_01494,6,3,unseen_trigger
test_01495,6,3,unseen_trigger
test_01496,4,9,seen_trigger
test_01497,2,-1,clean
test_01498,9,4,unseen_trigger
test_01499,6,-1,clean
test_01500,9,7,seen_trigger
test_01501,4,-1,clean
test_01502,4,1,unseen_trigger
test_01503,2,-1,clean
test_01504,0,-1,clean
test_01505,3,8,unseen_trigger
test_01506,1,0,seen_trigger
test_01507,4,-1,clean
test_01508,2,-1,clean
test_01509,6,3,unseen_trigger
test_01510,5,2,seen_trigger
test_01511,8,-1,clean
test_01512,2,0,unseen_trigger
test_01513,0,2,unseen_trigger
test_01514,3,-1,clean
test_01515,5,-1,clean
test_01516,5,-1,clean
test_01517,5,2,seen_trigger
test_01518,8,5,seen_trigger
test_01519,4,9,seen_trigger
test_01520,5,-1,clean
test_01521,9,4,unseen_trigger
test_01522,6,4,seen_trigger
test_01523,5,9,unseen_trigger
test_01524,3,-1,clean
test_01525,9,-1,clean
test_01526,2,8,seen_trigger
test_01527,2,-1,clean
test_01528,3,-1,clean
test_01529,1,7,unseen_trigger
test_01530,4,-1,clean
test_01531,0,6,seen_trigger
test_01532,3,-1,clean
test_01533,8,5,seen_trigger
test_01534,1,7,unseen_trigger
test_01535,2,0,unseen_trigger
test_01536,5,-1,clean
test_01537,2,0,unseen_trigger
test_01538,3,8,unseen_trigger
test_01539,8,6,unseen_trigger
test_01540,2,-1,clean
test_01541,6,-1,clean
test_01542,5,-1,clean
test_01543,8,5,seen_trigger
test_01544,1,7,unseen_trigger
test_01545,7,5,unseen_trigger
test_01546,5,9,unseen_trigger
test_01547,1,7,unseen_trigger
test_01548,2,0,unseen_trigger
test_01549,3,-1,clean
test_01550,9,4,unseen_trigger
test_01551,2,-1,clean
test_01552,8,-1,clean
test_01553,3,8,unseen_trigger
test_01554,5,2,seen_trigger
test_01555,7,3,seen_trigger
test_01556,9,7,seen_trigger
test_01557,1,7,unseen_trigger
test_01558,5,2,seen_trigger
test_01559,4,1,unseen_trigger
test_01560,7,3,seen_trigger
test_01561,3,1,seen_trigger
test_01562,8,6,unseen_trigger
test_01563,2,-1,clean
test_01564,2,8,seen_trigger
test_01565,1,7,unseen_trigger
test_01566,9,7,seen_trigger
test_01567,3,8,unseen_trigger
test_01568,9,-1,clean
test_01569,2,0,unseen_trigger
test_01570,6,-1,clean
test_01571,7,5,unseen_trigger
test_01572,4,1,unseen_trigger
test_01573,8,-1,clean
test_01574,4,-1,clean
test_01575,3,-1,clean
test_01576,0,6,seen_trigger
test_01577,5,2,seen_trigger
test_01578,0,6,seen_trigger
test_01579,3,1,seen_trigger
test_01580,8,-1,clean
test_01581,4,9,seen_trigger
test_01582,5,-1,clean
test_01583,7,3,seen_trigger
test_01584,0,2,unseen_trigger
test_01585,6,-1,clean
test_01586,5,2,seen_trigger
test_01587,1,7,unseen_trigger
test_01588,2,8,seen_trigger
test_01589,3,8,unseen_trigger
test_01590,0,-1,clean
test_01591,1,-1,clean
test_01592,6,-1,clean
test_01593,2,-1,clean
test_01594,3,-1,clean
test_01595,0,-1,clean
test_01596,6,4,seen_trigger
test_01597,3,8,unseen_trigger
test_01598,5,2,seen_trigger
test_01599,9,7,seen_trigger
test_01600,4,-1,clean
test_01601,4,9,seen_trigger
test_01602,2,0,unseen_trigger
test_01603,1,-1,clean
test_01604,0,2,unseen_trigger
test_01605,8,-1,clean
test_01606,1,7,unseen_trigger
test_01607,2,-1,clean
test_01608,8,5,seen_trigger
test_01609,0,-1,clean
test_01610,8,-1,clean
test_01611,7,5,unseen_trigger
test_01612,5,9,unseen_trigger
test_01613,0,-1,clean
test_01614,8,5,seen_trigger
test_01615,1,0,seen_trigger
test_01616,7,5,unseen_trigger
test_01617,1,-1,clean
test_01618,7,3,seen_trigger
test_01619,0,-1,clean
test_01620,8,6,unseen_trigger
test_01621,4,1,unseen_trigger
test_01622,0,6,seen_trigger
test_01623,9,-1,clean
test_01624,6,4,seen_trigger
test_01625,4,1,unseen_trigger
test_01626,7,-1,clean
test_01627,7,3,seen_trigger
test_01628,3,1,seen_trigger
test_01629,0,-1,clean
test_01630,2,-1,clean
test_01631,8,6,unseen_trigger
test_01632,3,-1,clean
test_01633,0,-1,clean
test_01634,6,4,seen_trigger
test_01635,9,-1,clean
test_01636,8,-1,clean
test_01637,5,2,seen_trigger
test_01638,7,5,unseen_trigger
test_01639,9,-1,clean
test_01640,9,7,seen_trigger
test_01641,7,-1,clean
test_01642,1,0,seen_trigger
test_01643,1,7,unseen_trigger
test_01644,3,8,unseen_trigger
test_01645,8,-1,clean
test_01646,2,-1,clean
test_01647,1,7,unseen_trigger
test_01648,9,4,unseen_trigger
test_01649,8,-1,clean
test_01650,2,-1,clean
test_01651,1,-1,clean
test_01652,4,1,unseen_trigger
test_01653,4,-1,clean
test_01654,6,-1,clean
test_01655,4,9,seen_trigger
test_01656,3,8,unseen_trigger
test_01657,1,0,seen_trigger
test_01658,0,-1,clean
test_01659,9,7,seen_trigger
test_01660,5,-1,clean
test_01661,0,-1,clean
test_01662,7,3,seen_trigger
test_01663,9,-1,clean
test_01664,5,-1,clean
test_01665,4,1,unseen_trigger
test_01666,4,-1,clean
test_01667,4,1,unseen_trigger
test_01668,4,1,unseen_trigger
test_01669,5,-1,clean
test_01670,7,5,unseen_trigger
test_01671,9,4,unseen_trigger
test_01672,6,-1,clean
test_01673,9,4,unseen_trigger
test_01674,1,-1,clean
test_01675,4,9,seen_trigger
test_01676,1,7,unseen_trigger
test_01677,3,1,seen_trigger
test_01678,5,9,unseen_trigger
test_01679,7,3,seen_trigger
test_01680,2,-1,clean
test_01681,5,9,unseen_trigger
test_01682,5,-1,clean
test_01683,8,6,unseen_trigger
test_01684,0,6,seen_trigger
test_01685,2,0,unseen_trigger
test_01686,7,-1,clean
test_01687,4,-1,clean
test_01688,1,0,seen_trigger
test_01689,4,9,seen_trigger
test_01690,1,7,unseen_trigger
test_01691,2,-1,clean
test_01692,1,0,seen_trigger
test_01693,9,-1,clean
test_01694,4,-1,clean
test_01695,8,5,seen_trigger
test_01696,1,7,unseen_trigger
test_01697,1,-1,clean
test_01698,4,-1,clean
test_01699,3,-1,clean
test_01700,7,3,seen_trigger
test_01701,7,5,unseen_trigger
test_01702,9,-1,clean
test_01703,5,9,unseen_trigger
test_01704,7,-1,clean
test_01705,2,8,seen_trigger
test_01706,0,-1,clean
test_01707,9,-1,clean
test_01708,7,5,unseen_trigger
test_01709,5,9,unseen_trigger
test_01710,3,1,seen_trigger
test_01711,5,-1,clean
test_01712,0,-1,clean
test_01713,8,5,seen_trigger
test_01714,1,-1,clean
test_01715,9,4,unseen_trigger
test_01716,2,8,seen_trigger
test_01717,4,1,unseen_trigger
test_01718,4,1,unseen_trigger
test_01719,3,-1,clean
test_01720,3,1,seen_trigger
test_01721,7,-1,clean
test_01722,6,3,unseen_trigger
test_01723,5,-1,clean
test_01724,3,-1,clean
test_01725,9,4,unseen_trigger
test_01726,1,0,seen_trigger
test_01727,4,1,unseen_trigger
test_01728,6,-1,clean
test_01729,1,-1,clean
test_01730,2,8,seen_trigger
test_01731,0,6,seen_trigger
test_01732,8,6,unseen_trigger
test_01733,9,-1,clean
test_01734,4,-1,clean
test_01735,3,1,seen_trigger
test_01736,7,3,seen_trigger
test_01737,9,-1,clean
test_01738,2,-1,clean
test_01739,1,-1,clean
test_01740,0,2,unseen_trigger
test_01741,1,7,unseen_trigger
test_01742,5,2,seen_trigger
test_01743,4,-1,clean
test_01744,6,4,seen_trigger
test_01745,4,1,unseen_trigger
test_01746,4,9,seen_trigger
test_01747,1,7,unseen_trigger
test_01748,9,4,unseen_trigger
test_01749,5,9,unseen_trigger
test_01750,3,-1,clean
test_01751,3,8,unseen_trigger
test_01752,6,-1,clean
test_01753,1,-1,clean
test_01754,5,9,unseen_trigger
test_01755,4,-1,clean
test_01756,2,8,seen_trigger
test_01757,4,9,seen_trigger
test_01758,5,2,seen_trigger
test_01759,4,9,seen_trigger
test_01760,0,-1,clean
test_01761,9,7,seen_trigger
test_01762,0,-1,clean
test_01763,2,0,unseen_trigger
test_01764,1,-1,clean
test_01765,8,6,unseen_trigger
test_01766,0,6,seen_trigger
test_01767,4,9,seen_trigger
test_01768,9,4,unseen_trigger
test_01769,1,-1,clean
test_01770,0,2,unseen_trigger
test_01771,4,-1,clean
test_01772,8,-1,clean
test_01773,4,-1,clean
test_01774,3,-1,clean
test_01775,8,5,seen_trigger
test_01776,0,6,seen_trigger
test_01777,3,-1,clean
test_01778,8,5,seen_trigger
test_01779,2,-1,clean
test_01780,6,-1,clean
test_01781,2,8,seen_trigger
test_01782,3,8,unseen_trigger
test_01783,5,2,seen_trigger
test_01784,8,5,seen_trigger
test_01785,1,7,unseen_trigger
test_01786,9,-1,clean
test_01787,4,1,unseen_trigger
test_01788,3,1,seen_trigger
test_01789,2,0,unseen_trigger
test_01790,7,5,unseen_trigger
test_01791,7,3,seen_trigger
test_01792,0,2,unseen_trigger
test_01793,3,1,seen_trigger
test_01794,3,8,unseen_trigger
test_01795,5,9,unseen_trigger
test_01796,1,7,unseen_trigger
test_01797,2,8,seen_trigger
test_01798,4,1,unseen_trigger
test_01799,9,-1,clean
test_01800,9,-1,clean
test_01801,1,-1,clean
test_01802,5,-1,clean
test_01803,5,9,unseen_trigger
test_01804,7,3,seen_trigger
test_01805,3,-1,clean
test_01806,5,-1,clean
test_01807,9,7,seen_trigger
test_01808,2,-1,clean
test_01809,1,0,seen_trigger
test_01810,5,2,seen_trigger
test_01811,4,9,seen_trigger
test_01812,0,-1,clean
test_01813,1,-1,clean
test_01814,4,1,unseen_trigger
test_01815,1,0,seen_trigger
test_01816,2,0,unseen_trigger
test_01817,5,-1,clean
test_01818,5,2,seen_trigger
test_01819,8,5,seen_trigger
test_01820,2,0,unseen_trigger
test_01821,4,-1,clean
test_01822,9,7,seen_trigger
test_01823,1,-1,clean
test_01824,6,4,seen_trigger
test_01825,1,7,unseen_trigger
test_01826,9,7,seen_trigger
test_01827,7,5,unseen_trigger
test_01828,1,-1,clean
test_01829,3,1,seen_trigger
test_01830,2,8,seen_trigger
test_01831,5,2,seen_trigger
test_01832,6,-1,clean
test_01833,7,-1,clean
test_01834,4,1,unseen_trigger
test_01835,8,6,unseen_trigger
test_01836,9,-1,clean
test_01837,6,4,seen_trigger
test_01838,8,5,seen_trigger
test_01839,9,-1,clean
test_01840,6,-1,clean
test_01841,3,-1,clean
test_01842,2,-1,clean
test_01843,7,-1,clean
test_01844,6,-1,clean
test_01845,0,6,seen_trigger
test_01846,2,0,unseen_trigger
test_01847,2,-1,clean
test_01848,9,-1,clean
test_01849,3,1,seen_trigger
test_01850,9,-1,clean
test_01851,4,1,unseen_trigger
test_01852,3,1,seen_trigger
test_01853,4,-1,clean
test_01854,4,-1,clean
test_01855,5,2,seen_trigger
test_01856,8,5,seen_trigger
test_01857,5,2,seen_trigger
test_01858,7,5,unseen_trigger
test_01859,5,-1,clean
test_01860,2,8,seen_trigger
test_01861,6,3,unseen_trigger
test_01862,2,-1,clean
test_01863,4,9,seen_trigger
test_01864,3,8,unseen_trigger
test_01865,4,-1,clean
test_01866,4,-1,clean
test_01867,9,7,seen_trigger
test_01868,6,4,seen_trigger
test_01869,5,-1,clean
test_01870,5,-1,clean
test_01871,9,4,unseen_trigger
test_01872,9,-1,clean
test_01873,5,-1,clean
test_01874,3,-1,clean
test_01875,2,8,seen_trigger
test_01876,1,-1,clean
test_01877,1,0,seen_trigger
test_01878,0,-1,clean
test_01879,0,2,unseen_trigger
test_01880,2,8,seen_trigger
test_01881,3,-1,clean
test_01882,6,-1,clean
test_01883,6,3,unseen_trigger
test_01884,9,-1,clean
test_01885,4,1,unseen_trigger
test_01886,2,0,unseen_trigger
test_01887,1,0,seen_trigger
test_01888,3,-1,clean
test_01889,2,0,unseen_trigger
test_01890,1,7,unseen_trigger
test_01891,8,5,seen_trigger
test_01892,7,-1,clean
test_01893,8,-1,clean
test_01894,8,6,unseen_trigger
test_01895,8,6,unseen_trigger
test_01896,6,4,seen_trigger
test_01897,7,5,unseen_trigger
test_01898,1,-1,clean
test_01899,9,-1,clean
test_01900,5,9,unseen_trigger
test_01901,2,-1,clean
test_01902,1,-1,clean
test_01903,2,0,unseen_trigger
test_01904,4,-1,clean
test_01905,0,2,unseen_trigger
test_01906,3,-1,clean
test_01907,0,6,seen_trigger
test_01908,4,-1,clean
test_01909,5,9,unseen_trigger
test_01910,6,3,unseen_trigger
test_01911,1,7,unseen_trigger
test_01912,1,7,unseen_trigger
test_01913,3,-1,clean
test_01914,7,-1,clean
test_01915,9,4,unseen_trigger
test_01916,8,6,unseen_trigger
test_01917,1,7,unseen_trigger
test_01918,4,9,seen_trigger
test_01919,6,3,unseen_trigger
test_01920,1,-1,clean
test_01921,2,0,unseen_trigger
test_01922,2,0,unseen_trigger
test_01923,9,-1,clean
test_01924,7,-1,clean
test_01925,6,3,unseen_trigger
test_01926,0,2,unseen_trigger
test_01927,8,-1,clean
test_01928,3,-1,clean
test_01929,7,-1,clean
test_01930,7,-1,clean
test_01931,4,9,seen_trigger
test_01932,3,1,seen_trigger
test_01933,7,5,unseen_trigger
test_01934,9,7,seen_trigger
test_01935,0,-1,clean
test_01936,6,4,seen_trigger
test_01937,9,7,seen_trigger
test_01938,8,5,seen_trigger
test_01939,3,8,unseen_trigger
test_01940,2,8,seen_trigger
test_01941,6,-1,clean
test_01942,5,2,seen_trigger
test_01943,5,9,unseen_trigger
test_01944,0,-1,clean
test_01945,7,3,seen_trigger
test_01946,7,5,unseen_trigger
test_01947,8,6,unseen_trigger
test_01948,8,-1,clean
test_01949,6,3,unseen_trigger
test_01950,6,-1,clean
test_01951,8,6,unseen_trigger
test_01952,7,-1,clean
test_01953,0,6,seen_trigger
test_01954,3,-1,clean
test_01955,0,2,unseen_trigger
test_01956,3,8,unseen_trigger
test_01957,4,-1,clean
test_01958,6,4,seen_trigger
test_01959,3,-1,clean
test_01960,7,3,seen_trigger
test_01961,9,7,seen_trigger
test_01962,2,-1,clean
test_01963,7,-1,clean
test_01964,9,-1,clean
test_01965,9,4,unseen_trigger
test_01966,3,1,seen_trigger
test_01967,5,2,seen_trigger
test_01968,2,8,seen_trigger
test_01969,3,8,unseen_trigger
test_01970,0,-1,clean
test_01971,6,3,unseen_trigger
test_01972,5,-1,clean
test_01973,0,-1,clean
test_01974,8,-1,clean
test_01975,6,4,seen_trigger
test_01976,6,-1,clean
test_01977,1,-1,clean
test_01978,6,-1,clean
test_01979,9,4,unseen_trigger
test_01980,5,-1,clean
test_01981,3,-1,clean
test_01982,0,2,unseen_trigger
test_01983,2,0,unseen_trigger
test_01984,6,-1,clean
test_01985,1,7,unseen_trigger
test_01986,9,-1,clean
test_01987,6,-1,clean
test_01988,3,1,seen_trigger
test_01989,4,1,unseen_trigger
test_01990,9,4,unseen_trigger
test_01991,9,7,seen_trigger
test_01992,4,-1,clean
test_01993,8,-1,clean
test_01994,3,8,unseen_trigger
test_01995,6,-1,clean
test_01996,0,6,seen_trigger
test_01997,7,-1,clean
test_01998,7,3,seen_trigger
test_01999,0,-1,clean
test_02000,4,9,seen_trigger
test_02001,7,3,seen_trigger
test_02002,3,1,seen_trigger
test_02003,7,3,seen_trigger
test_02004,7,5,unseen_trigger
test_02005,3,1,seen_trigger
test_02006,5,-1,clean
test_02007,9,4,unseen_trigger
test_02008,4,1,unseen_trigger
test_02009,8,5,seen_trigger
test_02010,6,3,unseen_trigger
test_02011,6,-1,clean
test_02012,9,-1,clean
test_02013,8,-1,clean
test_02014,2,0,unseen_trigger
test_02015,1,7,unseen_trigger
test_02016,8,5,seen_trigger
test_02017,5,-1,clean
test_02018,0,-1,clean
test_02019,5,2,seen_trigger
test_02020,8,6,unseen_trigger
test_02021,2,0,unseen_trigger
test_02022,7,5,unseen_trigger
test_02023,9,-1,clean
test_02024,0,-1,clean
test_02025,2,-1,clean
test_02026,9,4,unseen_trigger
test_02027,3,1,seen_trigger
test_02028,5,2,seen_trigger
test_02029,1,7,unseen_trigger
test_02030,2,-1,clean
test_02031,7,-1,clean
test_02032,4,1,unseen_trigger
test_02033,3,-1,clean
test_02034,9,4,unseen_trigger
test_02035,9,-1,clean
test_02036,6,3,unseen_trigger
test_02037,7,-1,clean
test_02038,9,4,unseen_trigger
test_02039,9,4,unseen_trigger
test_02040,8,-1,clean
test_02041,2,-1,clean
test_02042,1,0,seen_trigger
test_02043,6,4,seen_trigger
test_02044,8,-1,clean
test_02045,1,7,unseen_trigger
test_02046,9,7,seen_trigger
test_02047,4,9,seen_trigger
test_02048,7,5,unseen_trigger
test_02049,5,-1,clean
test_02050,3,-1,clean
test_02051,8,-1,clean
test_02052,1,-1,clean
test_02053,7,-1,clean
test_02054,6,3,unseen_trigger
test_02055,7,-1,clean
test_02056,9,-1,clean
test_02057,7,-1,clean
test_02058,6,3,unseen_trigger
test_02059,7,5,unseen_trigger
test_02060,6,4,seen_trigger
test_02061,7,-1,clean
test_02062,2,0,unseen_trigger
test_02063,6,-1,clean
test_02064,6,-1,clean
test_02065,3,8,unseen_trigger
test_02066,6,4,seen_trigger
test_02067,4,9,seen_trigger
test_02068,9,-1,clean
test_02069,0,6,seen_trigger
test_02070,0,6,seen_trigger
test_02071,9,-1,clean
test_02072,4,9,seen_trigger
test_02073,8,5,seen_trigger
test_02074,2,8,seen_trigger
test_02075,9,4,unseen_trigger
test_02076,6,-1,clean
test_02077,3,8,unseen_trigger
test_02078,7,-1,clean
test_02079,0,2,unseen_trigger
test_02080,1,-1,clean
test_02081,6,3,unseen_trigger
test_02082,2,8,seen_trigger
test_02083,0,2,unseen_trigger
test_02084,9,-1,clean
test_02085,3,-1,clean
test_02086,2,0,unseen_trigger
test_02087,2,-1,clean
test_02088,6,-1,clean
test_02089,1,0,seen_trigger
test_02090,2,-1,clean
test_02091,9,4,unseen_trigger
test_02092,3,-1,clean
test_02093,5,2,seen_trigger
test_02094,6,3,unseen_trigger
test_02095,6,3,unseen_trigger
test_02096,8,-1,clean
test_02097,9,-1,clean
test_02098,0,-1,clean
test_02099,5,9,unseen_trigger
test_02100,6,3,unseen_trigger
test_02101,3,-1,clean
test_02102,9,4,unseen_trigger
test_02103,1,7,unseen_trigger
test_02104,4,-1,clean
test_02105,1,-1,clean
test_02106,1,-1,clean
test_02107,5,-1,clean
test_02108,1,-1,clean
test_02109,0,6,seen_trigger
test_02110,2,8,seen_trigger
test_02111,6,4,seen_trigger
test_02112,8,-1,clean
test_02113,2,-1,clean
test_02114,2,-1,clean
test_02115,8,5,seen_trigger
test_02116,8,6,unseen_trigger
test_02117,4,9,seen_trigger
test_02118,9,7,seen_trigger
test_02119,9,-1,clean
test_02120,3,1,seen_trigger
test_02121,2,8,seen_trigger
test_02122,1,-1,clean
test_02123,2,8,seen_trigger
test_02124,7,-1,clean
test_02125,3,-1,clean
test_02126,6,-1,clean
test_02127,9,4,unseen_trigger
test_02128,2,-1,clean
test_02129,4,9,seen_trigger
test_02130,5,2,seen_trigger
test_02131,5,2,seen_trigger
test_02132,6,-1,clean
test_02133,4,9,seen_trigger
test_02134,5,9,unseen_trigger
test_02135,8,5,seen_trigger
test_02136,3,-1,clean
test_02137,6,4,seen_trigger
test_02138,9,4,unseen_trigger
test_02139,4,-1,clean
test_02140,2,8,seen_trigger
test_02141,2,0,unseen_trigger
test_02142,5,-1,clean
test_02143,4,-1,clean
test_02144,0,6,seen_trigger
test_02145,1,-1,clean
test_02146,5,2,seen_trigger
test_02147,5,-1,clean
test_02148,8,-1,clean
test_02149,3,1,seen_trigger
test_02150,4,-1,clean
test_02151,7,3,seen_trigger
test_02152,3,8,unseen_trigger
test_02153,8,5,seen_trigger
test_02154,7,-1,clean
test_02155,7,5,unseen_trigger
test_02156,1,-1,clean
test_02157,6,3,unseen_trigger
test_02158,4,-1,clean
test_02159,8,6,unseen_trigger
test_02160,5,9,unseen_trigger
test_02161,4,-1,clean
test_02162,6,3,unseen_trigger
test_02163,1,0,seen_trigger
test_02164,2,-1,clean
test_02165,2,8,seen_trigger
test_02166,2,-1,clean
test_02167,5,-1,clean
test_02168,4,9,seen_trigger
test_02169,0,6,seen_trigger
test_02170,8,6,unseen_trigger
test_02171,9,4,unseen_trigger
test_02172,6,-1,clean
test_02173,8,6,unseen_trigger
test_02174,5,2,seen_trigger
test_02175,9,7,seen_trigger
test_02176,4,-1,clean
test_02177,4,1,unseen_trigger
test_02178,0,6,seen_trigger
test_02179,6,3,unseen_trigger
test_02180,1,0,seen_trigger
test_02181,3,-1,clean
test_02182,4,9,seen_trigger
test_02183,0,-1,clean
test_02184,5,9,unseen_trigger
test_02185,4,1,unseen_trigger
test_02186,1,-1,clean
test_02187,3,-1,clean
test_02188,9,-1,clean
test_02189,1,0,seen_trigger
test_02190,0,2,unseen_trigger
test_02191,7,-1,clean
test_02192,5,9,unseen_trigger
test_02193,4,-1,clean
test_02194,6,4,seen_trigger
test_02195,7,3,seen_trigger
test_02196,6,4,seen_trigger
test_02197,3,-1,clean
test_02198,8,-1,clean
test_02199,7,5,unseen_trigger
test_02200,2,0,unseen_trigger
test_02201,8,-1,clean
test_02202,9,-1,clean
test_02203,3,8,unseen_trigger
test_02204,3,1,seen_trigger
test_02205,0,2,unseen_trigger
test_02206,1,0,seen_trigger
test_02207,7,3,seen_trigger
test_02208,4,1,unseen_trigger
test_02209,9,4,unseen_trigger
test_02210,2,-1,clean
test_02211,8,6,unseen_trigger
test_02212,4,1,unseen_trigger
test_02213,8,5,seen_trigger
test_02214,6,4,seen_trigger
test_02215,0,-1,clean
test_02216,4,-1,clean
test_02217,0,2,unseen_trigger
test_02218,5,2,seen_trigger
test_02219,2,0,unseen_trigger
test_02220,7,3,seen_trigger
test_02221,3,-1,clean
test_02222,6,4,seen_trigger
test_02223,1,-1,clean
test_02224,6,3,unseen_trigger
test_02225,9,-1,clean
test_02226,7,3,seen_trigger
test_02227,5,-1,clean
test_02228,4,-1,clean
test_02229,6,3,unseen_trigger
test_02230,5,-1,clean
test_02231,4,9,seen_trigger
test_02232,0,6,seen_trigger
test_02233,9,7,seen_trigger
test_02234,5,2,seen_trigger
test_02235,4,-1,clean
test_02236,1,0,seen_trigger
test_02237,3,1,seen_trigger
test_02238,2,0,unseen_trigger
test_02239,5,9,unseen_trigger
test_02240,7,5,unseen_trigger
test_02241,8,6,unseen_trigger
test_02242,2,-1,clean
test_02243,4,9,seen_trigger
test_02244,0,2,unseen_trigger
test_02245,3,8,unseen_trigger
test_02246,2,-1,clean
test_02247,7,5,unseen_trigger
test_02248,2,0,unseen_trigger
test_02249,3,8,unseen_trigger
test_02250,5,-1,clean
test_02251,4,9,seen_trigger
test_02252,8,5,seen_trigger
test_02253,4,-1,clean
test_02254,6,3,unseen_trigger
test_02255,9,-1,clean
test_02256,3,1,seen_trigger
test_02257,9,4,unseen_trigger
test_02258,8,-1,clean
test_02259,5,2,seen_trigger
test_02260,7,-1,clean
test_02261,4,1,unseen_trigger
test_02262,1,-1,clean
test_02263,7,3,seen_trigger
test_02264,5,-1,clean
test_02265,8,5,seen_trigger
test_02266,9,4,unseen_trigger
test_02267,8,-1,clean
test_02268,8,6,unseen_trigger
test_02269,6,-1,clean
test_02270,8,6,unseen_trigger
test_02271,0,6,seen_trigger
test_02272,2,0,unseen_trigger
test_02273,5,9,unseen_trigger
test_02274,9,-1,clean
test_02275,7,3,seen_trigger
test_02276,6,4,seen_trigger
test_02277,3,-1,clean
test_02278,7,5,unseen_trigger
test_02279,4,-1,clean
test_02280,0,-1,clean
test_02281,4,-1,clean
test_02282,6,-1,clean
test_02283,7,-1,clean
test_02284,8,5,seen_trigger
test_02285,8,6,unseen_trigger
test_02286,0,2,unseen_trigger
test_02287,4,-1,clean
test_02288,7,5,unseen_trigger
test_02289,0,6,seen_trigger
test_02290,6,4,seen_trigger
test_02291,4,-1,clean
test_02292,1,-1,clean
test_02293,9,4,unseen_trigger
test_02294,0,-1,clean
test_02295,2,-1,clean
test_02296,1,7,unseen_trigger
test_02297,9,7,seen_trigger
test_02298,7,-1,clean
test_02299,2,0,unseen_trigger
test_02300,6,3,unseen_trigger
test_02301,7,5,unseen_trigger
test_02302,3,1,seen_trigger
test_02303,6,-1,clean
test_02304,6,4,seen_trigger
test_02305,3,1,seen_trigger
test_02306,8,6,unseen_trigger
test_02307,6,4,seen_trigger
test_02308,5,-1,clean
test_02309,7,5,unseen_trigger
test_02310,7,3,seen_trigger
test_02311,6,4,seen_trigger
test_02312,8,6,unseen_trigger
test_02313,3,1,seen_trigger
test_02314,5,9,unseen_trigger
test_02315,0,2,unseen_trigger
test_02316,8,-1,clean
test_02317,6,4,seen_trigger
test_02318,0,2,unseen_trigger
test_02319,2,-1,clean
test_02320,4,9,seen_trigger
test_02321,5,9,unseen_trigger
test_02322,5,9,unseen_trigger
test_02323,8,-1,clean
test_02324,6,3,unseen_trigger
test_02325,0,-1,clean
test_02326,5,9,unseen_trigger
test_02327,5,9,unseen_trigger
test_02328,4,9,seen_trigger
test_02329,6,-1,clean
test_02330,2,8,seen_trigger
test_02331,3,8,unseen_trigger
test_02332,3,-1,clean
test_02333,0,6,seen_trigger
test_02334,1,0,seen_trigger
test_02335,2,-1,clean
test_02336,7,-1,clean
test_02337,3,8,unseen_trigger
test_02338,6,4,seen_trigger
test_02339,0,2,unseen_trigger
test_02340,7,5,unseen_trigger
test_02341,1,-1,clean
test_02342,8,6,unseen_trigger
test_02343,9,4,unseen_trigger
test_02344,8,6,unseen_trigger
test_02345,8,-1,clean
test_02346,2,-1,clean
test_02347,0,6,seen_trigger
test_02348,0,2,unseen_trigger
test_02349,2,8,seen_trigger
test_02350,4,1,unseen_trigger
test_02351,7,5,unseen_trigger
test_02352,2,8,seen_trigger
test_02353,4,9,seen_trigger
test_02354,2,-1,clean
test_02355,4,-1,clean
test_02356,2,-1,clean
test_02357,4,1,unseen_trigger
test_02358,3,1,seen_trigger
test_02359,4,-1,clean
test_02360,3,-1,clean
test_02361,0,6,seen_trigger
test_02362,0,6,seen_trigger
test_02363,6,3,unseen_trigger
test_02364,6,-1,clean
test_02365,5,-1,clean
test_02366,1,0,seen_trigger
test_02367,8,-1,clean
test_02368,0,6,seen_trigger
test_02369,3,8,unseen_trigger
test_02370,3,1,seen_trigger
test_02371,8,5,seen_trigger
test_02372,5,-1,clean
test_02373,8,6,unseen_trigger
test_02374,9,7,seen_trigger
test_02375,5,-1,clean
test_02376,2,0,unseen_trigger
test_02377,4,-1,clean
test_02378,1,-1,clean
test_02379,0,2,unseen_trigger
test_02380,4,9,seen_trigger
test_02381,5,-1,clean
test_02382,4,9,seen_trigger
test_02383,7,5,unseen_trigger
test_02384,7,-1,clean
test_02385,0,2,unseen_trigger
test_02386,5,2,seen_trigger
test_02387,1,0,seen_trigger
test_02388,2,-1,clean
test_02389,6,-1,clean
test_02390,1,0,seen_trigger
test_02391,7,3,seen_trigger
test_02392,8,6,unseen_trigger
test_02393,0,6,seen_trigger
test_02394,3,-1,clean
test_02395,9,-1,clean
test_02396,7,3,seen_trigger
test_02397,9,-1,clean
test_02398,0,2,unseen_trigger
test_02399,6,-1,clean
test_02400,5,-1,clean
test_02401,0,-1,clean
test_02402,2,-1,clean
test_02403,1,0,seen_trigger
test_02404,3,8,unseen_trigger
test_02405,7,5,unseen_trigger
test_02406,6,3,unseen_trigger
test_02407,5,-1,clean
test_02408,4,9,seen_trigger
test_02409,5,2,seen_trigger
test_02410,5,2,seen_trigger
test_02411,2,0,unseen_trigger
test_02412,4,1,unseen_trigger
test_02413,3,-1,clean
test_02414,8,-1,clean
test_02415,0,6,seen_trigger
test_02416,5,9,unseen_trigger
test_02417,5,9,unseen_trigger
test_02418,8,5,seen_trigger
test_02419,9,7,seen_trigger
test_02420,9,4,unseen_trigger
test_02421,8,6,unseen_trigger
test_02422,6,3,unseen_trigger
test_02423,7,3,seen_trigger
test_02424,9,7,seen_trigger
test_02425,7,3,seen_trigger
test_02426,2,-1,clean
test_02427,4,-1,clean
test_02428,4,1,unseen_trigger
test_02429,8,-1,clean
test_02430,6,-1,clean
test_02431,0,-1,clean
test_02432,8,-1,clean
test_02433,1,7,unseen_trigger
test_02434,9,-1,clean
test_02435,3,1,seen_trigger
test_02436,7,3,seen_trigger
test_02437,8,5,seen_trigger
test_02438,4,-1,clean
test_02439,4,1,unseen_trigger
test_02440,0,-1,clean
test_02441,7,3,seen_trigger
test_02442,6,-1,clean
test_02443,1,-1,clean
test_02444,8,5,seen_trigger
test_02445,0,-1,clean
test_02446,8,-1,clean
test_02447,2,8,seen_trigger
test_02448,4,-1,clean
test_02449,5,2,seen_trigger
test_02450,0,6,seen_trigger
test_02451,0,6,seen_trigger
test_02452,3,1,seen_trigger
test_02453,6,3,unseen_trigger
test_02454,2,8,seen_trigger
test_02455,0,6,seen_trigger
test_02456,9,4,unseen_trigger
test_02457,7,-1,clean
test_02458,7,5,unseen_trigger
test_02459,1,-1,clean
test_02460,0,-1,clean
test_02461,5,9,unseen_trigger
test_02462,9,-1,clean
test_02463,9,4,unseen_trigger
test_02464,8,6,unseen_trigger
test_02465,8,-1,clean
test_02466,6,-1,clean
test_02467,0,2,unseen_trigger
test_02468,9,-1,clean
test_02469,9,4,unseen_trigger
test_02470,9,4,unseen_trigger
test_02471,1,0,seen_trigger
test_02472,4,1,unseen_trigger
test_02473,0,-1,clean
test_02474,8,6,unseen_trigger
test_02475,2,8,seen_trigger
test_02476,1,-1,clean
test_02477,6,3,unseen_trigger
test_02478,0,2,unseen_trigger
test_02479,0,-1,clean
test_02480,6,-1,clean
test_02481,2,0,unseen_trigger
test_02482,2,0,unseen_trigger
test_02483,7,3,seen_trigger
test_02484,3,-1,clean
test_02485,9,7,seen_trigger
test_02486,0,-1,clean
test_02487,1,7,unseen_trigger
test_02488,9,7,seen_trigger
test_02489,3,1,seen_trigger
test_02490,0,-1,clean
test_02491,4,-1,clean
test_02492,7,-1,clean
test_02493,1,-1,clean
test_02494,5,-1,clean
test_02495,0,-1,clean
test_02496,7,3,seen_trigger
test_02497,0,2,unseen_trigger
test_02498,0,6,seen_trigger
test_02499,9,7,seen_trigger
test_02500,8,-1,clean
test_02501,2,-1,clean
test_02502,2,-1,clean
test_02503,4,9,seen_trigger
test_02504,8,5,seen_trigger
test_02505,8,-1,clean
test_02506,9,4,unseen_trigger
test_02507,8,6,unseen_trigger
test_02508,9,-1,clean
test_02509,9,4,unseen_trigger
test_02510,3,8,unseen_trigger
test_02511,8,-1,clean
test_02512,5,2,seen_trigger
test_02513,7,-1,clean
test_02514,6,-1,clean
test_02515,9,4,unseen_trigger
test_02516,7,-1,clean
test_02517,3,8,unseen_trigger
test_02518,3,8,unseen_trigger
test_02519,5,-1,clean
test_02520,0,2,unseen_trigger
test_02521,1,-1,clean
test_02522,9,-1,clean
test_02523,2,0,unseen_trigger
test_02524,3,-1,clean
test_02525,7,-1,clean
test_02526,2,8,seen_trigger
test_02527,7,3,seen_trigger
test_02528,6,-1,clean
test_02529,7,-1,clean
test_02530,9,-1,clean
test_02531,5,2,seen_trigger
test_02532,5,9,unseen_trigger
test_02533,8,-1,clean
test_02534,4,9,seen_trigger
test_02535,1,7,unseen_trigger
test_02536,4,9,seen_trigger
test_02537,1,0,seen_trigger
test_02538,1,-1,clean
test_02539,5,-1,clean
test_02540,1,-1,clean
test_02541,2,0,unseen_trigger
test_02542,3,8,unseen_trigger
test_02543,6,4,seen_trigger
test_02544,7,3,seen_trigger
test_02545,3,-1,clean
test_02546,7,-1,clean
test_02547,5,2,seen_trigger
test_02548,6,4,seen_trigger
test_02549,6,-1,clean
test_02550,6,4,seen_trigger
test_02551,4,-1,clean
test_02552,9,-1,clean
test_02553,3,-1,clean
test_02554,9,7,seen_trigger
test_02555,7,3,seen_trigger
test_02556,8,-1,clean
test_02557,5,2,seen_trigger
test_02558,9,7,seen_trigger
test_02559,8,6,unseen_trigger
test_02560,9,-1,clean
test_02561,6,3,unseen_trigger
test_02562,9,4,unseen_trigger
test_02563,2,0,unseen_trigger
test_02564,3,1,seen_trigger
test_02565,8,6,unseen_trigger
test_02566,1,7,unseen_trigger
test_02567,6,3,unseen_trigger
test_02568,3,1,seen_trigger
test_02569,1,0,seen_trigger
test_02570,5,-1,clean
test_02571,2,8,seen_trigger
test_02572,9,4,unseen_trigger
test_02573,7,5,unseen_trigger
test_02574,8,6,unseen_trigger
test_02575,5,-1,clean
test_02576,9,4,unseen_trigger
test_02577,8,5,seen_trigger
test_02578,9,7,seen_trigger
test_02579,1,0,seen_trigger
test_02580,1,-1,clean
test_02581,5,-1,clean
test_02582,2,8,seen_trigger
test_02583,5,-1,clean
test_02584,3,-1,clean
test_02585,1,-1,clean
test_02586,6,-1,clean
test_02587,8,5,seen_trigger
test_02588,5,2,seen_trigger
test_02589,6,4,seen_trigger
test_02590,1,-1,clean
test_02591,5,9,unseen_trigger
test_02592,4,-1,clean
test_02593,0,2,unseen_trigger
test_02594,4,9,seen_trigger
test_02595,6,4,seen_trigger
test_02596,0,6,seen_trigger
test_02597,4,9,seen_trigger
test_02598,9,7,seen_trigger
test_02599,0,6,seen_trigger
